x,n,Year,GEO.display-label,Alameda,Alpine,Amador,Butte,Calaveras,Colusa,Contra Costa,Del Norte,El Dorado,Fresno,Glenn,Humboldt,Imperial,Inyo,Kern,Kings,Lake,Lassen,Los Angeles,Madera,Marin,Mariposa,Mendocino,Merced,Modoc,Mono,Monterey,Napa,Nevada,Orange,Placer,Plumas,Riverside,Sacramento,San Benito,San Bernardino,San Diego,San Francisco,San Joaquin,San Luis Obispo,San Mateo,Santa Barbara,Santa Clara,Santa Cruz,Shasta,Sierra,Siskiyou,Solano,Sonoma,Stanislaus,Sutter,Tehama,Trinity,Tulare,Tuolumne,Ventura,Yolo,Yuba,"Extract of table downloaded from https://factfinder.census.gov/bkmk/table/1.0/en/PEP/2018/PEPAGESEX/0400000US06.05000 in August 2019, with Internet Explorer"
0,5,2010,est72010sex2_age0to4,47456,30,737,6138,974,848,32954,856,4595,38630,1057,3762,6687,505,35936,6286,1761,764,314952,5937,6775,390,2563,10833,275,444,15893,3935,2108,93289,10244,423,79611,49351,2014,77433,99962,17291,26410,6556,22662,13553,60726,7347,4981,77,1176,12982,13766,19423,3513,2137,286,20017,1141,27159,6113,2991,
5,5,2010,est72010sex2_age5to9,46336,44,823,6108,1077,815,35316,739,5452,36913,1057,3619,6830,460,33784,5675,1732,739,308982,5880,7566,397,2617,10887,265,403,14850,4170,2423,97023,11551,489,82203,48139,2139,76649,94830,14062,26848,6805,21968,12947,59763,7355,5157,62,1201,13323,14279,19603,3526,2100,310,19594,1205,28056,6061,2804,
10,5,2010,est72010sex2_age10to14,44585,42,931,6280,1331,810,36415,854,6057,36906,1063,3511,6927,543,33569,5568,1835,906,329833,5654,7124,481,2645,10723,300,389,14147,4412,2765,102614,12310,483,87083,48594,2234,82015,96533,12838,27379,6938,20767,12888,55650,7418,5394,64,1317,13915,14529,19831,3538,2199,384,19153,1400,29292,6121,2705,
15,5,2010,est72010sex2_age15to19,48627,27,942,8514,1297,802,35623,867,5948,39023,1028,4781,7296,538,34345,5386,1976,891,366133,5696,6145,506,2590,11722,293,392,15626,4630,2948,109730,11778,612,90656,50820,2204,86533,106356,17363,27802,10429,19940,18686,54967,11122,5932,79,1244,14632,16091,20409,3420,2229,383,18707,1471,30937,9910,2621,
20,5,2010,est72010sex2_age20to24,52945,20,663,11112,897,605,29406,691,4138,37003,857,5967,6026,399,29795,5255,1644,641,369468,5525,4565,384,2242,9850,209,494,14811,3863,2093,104568,8754,444,76528,51201,1705,78170,122821,30902,23479,12105,18739,20557,53148,11905,5410,57,1044,13828,15413,18544,3024,1828,240,15719,1261,26639,14269,2629,
25,5,2010,est72010sex2_age25to29,57334,27,716,6934,865,697,32488,735,4147,34434,847,4986,5512,517,28761,5160,1597,707,373351,5679,5493,409,2644,8823,210,575,14798,4022,2255,104600,9752,402,71706,54328,1715,72785,120079,44034,22617,7765,23604,14402,64509,8320,5232,60,1108,13809,15201,18161,3289,1744,281,15863,1197,26144,7464,2698,
30,5,2010,est72010sex2_age30to34,58480,26,678,5787,886,675,33489,659,4276,30691,830,4415,5144,461,26951,4724,1544,666,356326,5500,6265,400,2507,8354,240,432,13880,3993,2339,98489,9978,432,70350,49628,1789,68759,108354,38845,22529,6757,25337,12605,66812,7953,4696,59,983,12987,14451,16926,3021,1670,297,14662,1145,25368,6513,2495,
35,5,2010,est72010sex2_age35to39,58057,20,771,5579,993,656,36177,647,4979,28631,817,3666,5290,464,25749,4214,1635,752,357545,5256,8065,393,2440,8109,210,426,12901,4163,2291,107596,11187,410,72972,47736,1803,68991,104369,32460,22722,6513,26477,11954,69320,7709,4619,76,1037,13058,14274,16606,2935,1755,323,13745,1094,26881,5906,2191,
40,5,2010,est72010sex2_age40to44,56470,40,898,5867,1326,640,40146,705,6198,28088,841,3392,5503,494,25444,3982,1923,771,357778,5177,10094,483,2489,7752,278,430,12513,4691,2833,114418,12769,525,74311,48064,2056,69219,104590,28171,22811,7192,27838,12399,67926,8539,5272,92,1205,13830,15735,16949,3079,1866,349,13386,1353,28855,6111,2176,
45,5,2010,est72010sex2_age45to49,57773,48,1246,7089,1698,651,43187,942,7913,29467,954,4303,5637,684,26780,4201,2412,949,356335,5389,10546,711,2882,8104,359,565,12720,4971,3737,115985,13856,725,75753,51407,2134,72340,109296,25825,23670,8867,28602,13684,67323,9367,6658,130,1557,15862,18546,17990,3263,2359,535,13597,1780,31762,6425,2328,
50,5,2010,est72010sex2_age50to54,55277,54,1450,7605,2117,703,41399,1061,8531,28245,967,5092,5541,772,25753,3854,2780,1025,339602,5032,10916,885,3410,7460,388,565,13134,5028,4521,108460,13512,948,70117,51242,2008,68899,106982,25189,22359,10405,27728,13813,62239,10176,7048,152,2021,16185,19369,17239,3154,2352,646,12731,2279,31178,6414,2437,
55,5,2010,est72010sex2_age55to59,49350,54,1668,7908,2222,646,36323,975,7684,25126,883,5293,4842,773,21662,3148,2830,1023,293634,4476,10969,869,3782,6277,408,514,11777,4894,4823,91299,12012,1008,59486,45293,1714,57399,93544,24968,19522,10193,24818,12525,52427,10022,6962,177,2084,14528,19105,14827,2761,2188,679,11122,2450,26392,5813,2079,
60,5,2010,est72010sex2_age60to64,41839,54,1690,7053,2116,525,31613,843,6535,20712,710,4551,3868,669,17449,2669,2552,843,242332,3807,10279,732,3645,5245,415,375,10032,4303,4417,77427,11284,945,52246,37685,1299,44943,78500,22685,16260,8608,21882,10628,43736,8098,6278,165,1904,11994,17059,12480,2456,2057,619,9523,2265,22062,4707,1779,
65,5,2010,est72010sex2_age65to69,28452,28,1258,5198,1650,408,22412,642,4667,15063,570,2944,2925,511,13043,1881,1946,556,176608,2926,7403,647,2370,4012,307,245,7043,3217,3234,57756,8932,708,42098,26067,943,31909,55406,15586,12028,6495,15595,8022,32571,5085,4963,107,1437,8045,11473,9149,1976,1708,447,6900,1770,15831,3300,1244,
70,5,2010,est72010sex2_age70to74,20869,22,972,3994,1242,274,16067,494,3191,11384,460,2104,2331,388,9771,1573,1397,386,136516,2202,4952,451,1508,3035,233,209,5126,2320,2219,43649,6780,516,33392,20266,597,23655,42804,13307,8864,4730,11936,6377,25262,3319,3679,89,1010,6006,7747,6977,1531,1308,307,5300,1395,11839,2448,991,
75,5,2010,est72010sex2_age75to79,16595,11,680,3237,839,222,12644,399,2358,9507,370,1689,1984,358,7498,1274,1026,279,110552,1676,3692,368,1168,2493,180,95,4549,1954,1650,35458,5464,343,26652,16510,496,18608,36084,11494,7140,3974,9528,5530,19891,2671,2893,65,790,4790,6189,5675,1258,974,261,4334,1066,9698,1942,675,
80,5,2010,est72010sex2_age80to84,14171,13,588,2963,577,199,10790,298,1889,8123,292,1427,1502,303,5797,921,822,242,91952,1240,3309,235,1041,1915,121,59,3940,1684,1489,29676,4204,275,20919,13797,467,14307,30816,10292,6076,3554,8454,4981,16050,2473,2388,37,665,3847,5814,4701,971,708,165,3408,888,7965,1619,581,
85,5,2010,est72010sex2_age85plus,16646,2,614,3725,610,226,12900,283,1986,8800,329,1709,1225,333,5492,898,854,285,100011,1175,4393,242,1322,1966,123,52,4450,2242,1799,32902,4733,280,20262,15302,435,13884,34668,11624,6559,4006,10140,5893,17879,3073,2573,39,712,3917,7509,4863,1019,740,154,3428,906,9271,1943,470,
0,5,2011,est72011sex2_age0to4,47663,27,694,5960,922,849,32675,848,4335,39097,1037,3708,6864,510,36031,6203,1718,769,315506,5903,6668,379,2555,10663,242,436,16262,3913,2102,93607,10291,423,78916,49098,1996,77457,101766,17798,26356,6535,22717,13656,60452,7440,5044,68,1163,12930,13646,19365,3379,2038,289,20110,1123,27072,6046,2934,
5,5,2011,est72011sex2_age5to9,46522,32,811,6196,1042,809,35521,759,5390,37172,1032,3562,6826,481,34273,5761,1720,706,306991,5899,7679,416,2626,10881,254,426,15273,4172,2360,97058,11660,484,82411,48618,2143,77219,95761,14394,26953,6799,22329,13144,60590,7412,5170,62,1209,13199,14328,19561,3528,2042,317,19742,1208,28146,6136,2867,
10,5,2011,est72011sex2_age10to14,44565,33,905,6182,1276,822,36546,841,5985,36651,1042,3515,6860,514,33553,5474,1753,842,323308,5671,7336,451,2618,10746,287,391,14144,4434,2714,102395,12340,462,86998,48316,2212,80901,95900,13144,27320,6910,20896,12751,56638,7333,5323,67,1324,13848,14474,19713,3489,2165,354,19210,1334,29004,6053,2631,
15,5,2011,est72011sex2_age15to19,47565,29,919,8016,1310,778,35648,814,5812,37540,1022,4686,7120,548,33360,5291,1883,831,356989,5636,6482,498,2508,11482,287,394,15299,4584,2843,107334,11877,561,89300,48774,2248,84754,103730,16346,27263,10585,20040,18376,54977,11307,5596,80,1200,14077,15780,19689,3287,2181,371,18487,1421,30387,9714,2567,
20,5,2011,est72011sex2_age20to24,54627,17,675,11800,924,602,30567,698,4465,38278,874,6345,6269,405,31116,5333,1664,654,379456,5619,4539,418,2283,10348,188,466,15089,3921,2178,108948,9231,464,80526,52847,1722,81307,125087,29607,24537,12430,18910,21784,54087,12517,5688,43,1081,14232,15658,19318,3198,1797,240,16224,1289,27583,15158,2672,
25,5,2011,est72011sex2_age25to29,57730,25,727,6829,889,680,32532,741,4110,34637,865,4643,5532,496,29211,5175,1598,705,376711,5699,5335,419,2529,8895,205,571,14978,4070,2238,105064,9750,385,72817,54748,1719,73777,122121,45410,22721,7457,23744,13805,64698,7893,5218,56,1090,14037,15103,18135,3271,1753,285,15902,1232,26240,6973,2724,
30,5,2011,est72011sex2_age30to34,59622,22,713,5961,893,674,34210,671,4237,31602,832,4619,5212,479,27471,4750,1545,658,359725,5561,6307,409,2547,8503,246,491,14280,4119,2347,100811,10354,456,72294,50872,1808,69905,111747,40269,22952,7059,25924,12724,67808,8119,4906,68,1004,13249,14985,17221,3005,1731,304,14955,1206,25668,6635,2580,
35,5,2011,est72011sex2_age35to39,57594,19,737,5448,935,631,35775,633,4644,28351,801,3684,5210,436,25744,4178,1535,691,350701,5160,7732,388,2381,8034,203,416,12830,4167,2233,104766,10935,394,72382,46883,1732,67991,102835,32325,22437,6369,26265,11700,68681,7561,4428,71,981,12590,13851,16262,2902,1680,313,13770,1051,26119,5856,2137,
40,5,2011,est72011sex2_age40to44,57466,36,902,5863,1291,656,40416,694,6052,28487,832,3443,5443,511,25552,3918,1918,745,361395,5185,10066,459,2526,7846,265,424,12653,4642,2833,116208,12993,489,75476,48857,2057,70004,106142,29220,23235,7211,28095,12282,69224,8489,5257,83,1201,13745,15794,17048,2985,1838,334,13546,1334,28863,6050,2108,
45,5,2011,est72011sex2_age45to49,57191,43,1163,6718,1551,630,42514,877,7495,28883,919,4016,5551,615,26148,4118,2311,905,353636,5285,10510,634,2699,7966,340,527,12522,4863,3461,115435,13591,647,75392,50177,2133,71116,107398,26003,23309,8327,28258,13267,66954,9029,6323,117,1414,15416,17880,17527,3183,2227,489,13366,1634,30955,6287,2240,
50,5,2011,est72011sex2_age50to54,56127,51,1427,7520,2056,705,42050,1038,8589,28849,954,4942,5441,757,26124,3904,2727,981,342290,5033,10992,878,3313,7633,390,575,13204,5083,4451,110975,13849,930,72135,52099,2029,69834,108177,24934,22780,10131,27947,13849,63624,10017,7039,147,1943,16114,19423,17451,3183,2377,644,12865,2191,31647,6391,2451,
55,5,2011,est72011sex2_age55to59,50492,53,1642,7868,2255,617,37325,1014,7829,25604,921,5316,5034,801,22340,3207,2867,1012,302182,4512,10955,844,3681,6465,389,533,11892,4928,4785,94762,12312,997,61835,46569,1764,59611,96494,25279,20012,10419,25509,12747,54218,10118,7031,168,2098,14984,19279,15314,2835,2243,679,11343,2483,27259,5860,2172,
60,5,2011,est72011sex2_age60to64,44078,62,1729,7396,2123,563,33029,871,6922,21848,755,4826,4011,685,18345,2736,2690,868,253109,4009,10572,790,3835,5482,426,407,10511,4466,4692,80852,11883,980,54914,39865,1402,47476,82313,23930,17296,9152,22861,11122,45852,8620,6602,165,2036,12604,18108,12984,2509,2150,654,9846,2345,23114,4939,1866,
65,5,2011,est72011sex2_age65to69,29813,30,1351,5307,1703,404,23659,647,4882,15571,562,3061,2968,521,13354,1984,1984,576,182615,2985,7923,630,2493,4120,312,263,7315,3334,3355,59948,9308,736,43574,27109,992,33154,57970,16095,12410,6721,16273,8184,33760,5468,5022,114,1468,8637,12225,9505,2034,1713,448,7171,1842,16550,3428,1268,
70,5,2011,est72011sex2_age70to74,21627,17,976,4068,1310,290,16848,502,3387,11740,472,2167,2416,383,10072,1599,1433,398,139740,2293,5206,468,1557,3133,235,201,5266,2414,2395,45257,7148,532,34582,20807,646,24366,43942,13361,9231,4899,12336,6502,26218,3468,3809,87,1022,6150,8183,7129,1543,1343,330,5371,1433,12258,2505,997,
75,5,2011,est72011sex2_age75to79,16891,17,698,3240,866,216,12761,373,2360,9516,367,1669,1990,348,7594,1295,1072,281,111740,1672,3715,352,1204,2567,176,104,4437,1978,1632,35968,5570,340,27068,16777,467,18979,36250,11459,7256,4009,9576,5560,20223,2707,2908,64,794,4906,6199,5792,1278,1006,257,4337,1065,9864,1990,704,
80,5,2011,est72011sex2_age80to84,13967,12,573,2868,598,197,10775,307,1891,8115,315,1427,1533,284,5739,948,792,251,91853,1260,3316,241,1009,1931,134,63,3953,1661,1451,29854,4271,257,21012,13723,479,14442,30547,10225,6025,3496,8438,4905,16159,2429,2361,44,656,3906,5699,4628,963,742,171,3390,880,7987,1606,554,
85,5,2011,est72011sex2_age85plus,17310,3,598,3744,610,224,13215,295,2096,9054,328,1750,1310,352,5668,918,877,286,103825,1186,4518,256,1384,2054,129,57,4572,2292,1868,33974,4895,296,21015,15877,463,14386,35656,11935,6813,4080,10478,6054,18719,3088,2638,32,716,4054,7656,5019,1040,748,153,3500,922,9580,1979,489,
0,5,2012,est72012sex2_age0to4,47654,21,691,5899,855,803,31995,818,4187,39009,1005,3596,6979,523,35988,5945,1733,778,313542,5925,6447,371,2552,10482,227,426,16293,3831,2056,93315,10097,400,77750,48423,1968,76235,102007,18299,25911,6542,22801,13745,59857,7491,5072,77,1173,12857,13290,19181,3272,1907,295,19938,1134,26801,5938,2979,
5,5,2012,est72012sex2_age5to9,47254,42,798,6260,1061,820,35745,807,5317,37661,996,3622,6927,489,35216,5792,1725,717,308004,5953,7779,396,2613,11063,249,409,15615,4185,2355,97546,11608,485,83314,49333,2185,77888,97328,14744,27318,6921,22810,13434,61429,7467,5180,63,1202,13089,14324,19790,3536,2097,286,19965,1205,28267,6278,2856,
10,5,2012,est72012sex2_age10to14,44676,38,859,6057,1201,813,36783,810,5830,36283,1029,3525,6740,492,33576,5430,1766,767,316698,5658,7500,419,2601,10790,270,372,14372,4405,2616,101225,12386,454,86459,48090,2190,79360,95254,13254,27120,6900,21177,12634,57167,7209,5253,65,1317,13753,14323,19627,3494,2105,328,19288,1274,28635,6050,2637,
15,5,2012,est72012sex2_age15to19,47300,27,873,7976,1328,743,35407,776,5704,36636,1014,4583,6912,538,32822,5167,1753,842,348958,5523,6641,490,2529,11051,293,389,15103,4517,2703,106413,11868,517,88447,47624,2274,82883,102784,16009,26835,10723,20046,18132,55119,11349,5405,73,1176,13686,15681,19449,3197,2103,359,18245,1382,29786,10144,2472,
20,5,2012,est72012sex2_age20to24,55015,21,727,12489,929,654,31784,713,4633,38927,877,6590,6404,428,32113,5409,1707,639,385705,5616,4666,392,2274,10564,189,433,15277,4066,2183,111788,9472,457,83068,53026,1773,83162,125167,28558,25265,12996,19493,22982,55105,13148,5707,41,1053,14756,15861,19552,3230,1801,234,16725,1310,28701,15717,2696,
25,5,2012,est72012sex2_age25to29,58907,24,683,6514,842,670,32459,722,4015,34694,799,4303,5551,479,29577,5118,1590,685,380172,5591,5141,408,2398,8933,202,554,15080,4054,2214,105126,9457,383,73504,55106,1749,74266,123670,46387,22944,7219,23947,13318,64823,7519,5350,54,1062,14161,15074,18276,3161,1783,261,15743,1233,26055,6674,2792,
30,5,2012,est72012sex2_age30to34,61661,19,736,6069,902,635,34666,679,4350,32458,866,4662,5327,506,27950,4717,1566,660,364395,5493,6217,384,2543,8561,228,511,14621,4173,2379,102818,10568,453,73742,52207,1834,70900,114991,41983,23426,7307,26593,13144,69031,8061,5082,73,1048,13611,15308,17497,3043,1716,316,15334,1213,25853,6829,2603,
35,5,2012,est72012sex2_age35to39,58285,21,732,5435,895,649,35841,620,4541,28409,817,3824,5150,442,25844,4230,1513,635,348106,5032,7603,373,2401,7963,221,397,12950,4178,2300,103054,10898,403,72436,46995,1745,67794,103348,32946,22249,6464,26447,11699,68274,7665,4411,73,943,12486,13901,16244,2839,1653,319,13797,1050,25902,5850,2151,
40,5,2012,est72012sex2_age40to44,58555,38,859,5815,1229,631,40218,672,5853,28623,791,3424,5353,511,25558,3871,1843,766,362824,5048,9914,441,2548,7903,254,433,12775,4636,2686,116326,13021,466,76279,48951,1966,69686,106440,29808,23321,7146,28433,12171,70398,8305,5128,78,1136,13702,15805,16994,2938,1835,328,13541,1299,28579,6079,2061,
45,5,2012,est72012sex2_age45to49,56448,38,1057,6447,1513,642,41870,812,7006,28389,891,3795,5434,558,25730,3996,2188,864,351349,5065,10511,567,2555,7749,304,480,12287,4786,3235,115116,13325,595,74619,49284,2117,69407,105707,26063,22870,7928,27919,12824,66622,8840,5993,103,1338,14965,17195,17104,3056,2108,434,13097,1514,30192,6106,2162,
50,5,2012,est72012sex2_age50to54,56792,45,1421,7359,1948,679,42396,1010,8443,28948,938,4737,5427,769,26340,3885,2622,919,344212,4936,10883,846,3205,7759,373,576,13158,5025,4279,112552,13862,861,73303,52206,2043,70238,108475,25066,23186,9812,28295,13851,64574,9709,6975,144,1791,16131,19281,17487,3191,2411,616,12955,2072,31668,6340,2416,
55,5,2012,est72012sex2_age55to59,51789,47,1603,7847,2243,658,38447,1037,8077,26068,923,5257,5142,803,23101,3341,2892,1018,310831,4519,10924,831,3653,6675,385,506,12245,5024,4800,98219,12807,977,64433,47983,1829,61797,99767,25403,20499,10582,26196,12996,56219,10249,7086,158,2112,15449,19332,15706,2934,2263,690,11728,2468,28082,5977,2234,
60,5,2012,est72012sex2_age60to64,44716,56,1675,7394,2082,552,33277,873,6843,22181,788,4878,4049,677,18538,2724,2672,824,256820,3997,10463,793,3785,5564,401,445,10568,4466,4667,81069,11818,968,55160,40396,1486,48352,82883,24201,17477,9349,22803,11291,46163,8754,6550,165,2012,12704,18245,13033,2443,2136,655,9802,2282,23210,4945,1839,
65,5,2012,est72012sex2_age65to69,32816,36,1508,5838,1849,440,25983,690,5451,16763,587,3370,3154,540,14450,2101,2154,624,195304,3180,8665,673,2828,4411,344,276,8036,3671,3703,65116,10212,814,47020,29905,1060,35896,63696,17553,13556,7350,17682,8810,36292,6137,5418,124,1589,9738,13721,10280,2120,1834,492,7669,2014,18051,3754,1393,
70,5,2012,est72012sex2_age70to74,22526,18,1041,4182,1329,316,17881,522,3628,12234,486,2225,2509,397,10435,1680,1469,420,144226,2357,5629,511,1708,3245,246,205,5486,2515,2555,47234,7461,552,35900,21559,697,25480,45477,13486,9678,5169,12780,6702,27274,3750,3955,86,1057,6493,8812,7435,1581,1394,350,5601,1472,12819,2601,988,
75,5,2012,est72012sex2_age75to79,17223,21,718,3324,937,213,13111,364,2431,9555,369,1667,1996,338,7690,1291,1068,276,113653,1689,3862,347,1212,2561,169,119,4434,2013,1631,36867,5725,343,27786,17181,470,19367,36562,11526,7346,4108,9719,5538,20828,2706,2970,66,796,5000,6297,5928,1351,1040,252,4365,1069,10086,2038,725,
80,5,2012,est72012sex2_age80to84,13899,10,552,2761,592,192,10782,329,1890,8004,307,1410,1524,274,5776,967,798,250,91430,1286,3308,259,973,1953,134,69,3882,1637,1410,29937,4379,259,21288,13640,482,14563,30378,10078,5872,3424,8256,4875,16383,2377,2374,46,626,3895,5592,4576,957,745,177,3397,847,8037,1635,519,
85,5,2012,est72012sex2_age85plus,17712,6,619,3778,630,232,13593,274,2147,9299,326,1749,1435,362,5811,937,873,276,107193,1209,4604,266,1394,2137,131,60,4708,2294,1928,35062,5055,301,21759,16200,496,14908,36553,12335,7004,4181,10753,6159,19449,3181,2662,34,747,4218,7782,5104,1051,780,163,3631,955,9833,2039,524,
0,5,2013,est72013sex2_age0to4,47554,17,625,5908,834,780,32023,792,4066,38714,980,3632,7099,530,36012,5928,1755,761,311980,5815,6316,374,2569,10498,222,394,16306,3772,2036,92551,10050,363,76649,48195,1916,75478,102787,18737,25421,6544,22770,13808,59414,7397,5069,62,1191,12867,13192,18974,3199,1880,301,19633,1153,26419,5982,2980,
5,5,2013,est72013sex2_age5to9,47832,44,778,6232,1042,834,35996,835,5217,38255,1008,3666,6927,506,36081,5842,1683,709,308859,6070,7813,387,2552,10962,235,424,15978,4168,2351,97799,11630,471,83730,49812,2210,78115,98438,15044,27475,7003,22792,13758,62084,7512,5227,73,1187,13223,14244,19970,3495,2122,299,20121,1212,28245,6254,2879,
10,5,2013,est72013sex2_age10to14,45166,35,845,6087,1168,779,37102,752,5784,36492,991,3480,6777,483,33754,5394,1780,750,311421,5636,7793,392,2569,10834,240,360,14491,4457,2558,100866,12395,454,86142,48256,2164,78416,95014,13460,26999,6883,21562,12666,58232,7235,5327,70,1262,13626,14311,19637,3482,2031,310,19339,1207,28570,6038,2578,
15,5,2013,est72013sex2_age15to19,47128,33,843,7847,1274,739,35260,746,5664,35959,1003,4521,6795,544,32394,5090,1655,822,342015,5503,6762,471,2540,10841,265,365,14859,4524,2563,105242,11782,480,87765,46854,2235,81122,102208,15731,26585,10569,19936,18119,55156,11368,5256,67,1176,13410,15465,19286,3180,2048,353,18039,1357,29360,10192,2467,
20,5,2013,est72013sex2_age20to24,54937,21,775,12829,970,689,33030,687,4662,38775,859,6747,6533,453,32734,5410,1692,631,385408,5643,5048,427,2249,10568,188,425,15386,4265,2254,112514,9768,448,83903,52853,1903,83664,123574,27314,25398,13279,20077,24010,56324,13734,5570,38,1009,14776,15749,19280,3248,1858,253,17137,1345,29361,15724,2650,
25,5,2013,est72013sex2_age25to29,60856,27,688,6393,855,668,32559,724,4013,35120,825,4117,5521,443,30125,5160,1625,642,387356,5392,4997,406,2381,8937,195,529,14980,3971,2159,106491,9388,381,74877,55859,1748,75265,126973,47518,23057,7063,23942,13306,65444,7461,5417,56,1026,14626,15235,18377,3199,1779,264,15669,1190,26074,6738,2861,
30,5,2013,est72013sex2_age30to34,63983,17,758,6259,939,627,35611,698,4529,33093,848,4655,5465,521,28676,4765,1559,671,369177,5505,6208,386,2571,8620,227,545,14749,4283,2445,104773,10957,421,75720,53601,1861,71957,118231,43432,23494,7643,27533,13389,70319,8069,5320,67,1051,13935,15758,17769,3035,1721,315,15520,1280,26214,6882,2667,
35,5,2013,est72013sex2_age35to39,59030,21,693,5519,875,637,36170,616,4554,28866,820,3877,4999,450,25984,4172,1524,614,346806,5029,7521,383,2408,8012,223,364,13054,4179,2374,102353,11099,414,72733,47371,1803,67778,104706,33115,22400,6581,26648,11837,68555,7773,4538,69,947,12673,14235,16437,2824,1603,318,14087,1088,25767,5965,2215,
40,5,2013,est72013sex2_age40to44,59303,32,860,5768,1174,622,39989,663,5720,28443,786,3504,5246,480,25582,3849,1847,731,360829,4961,9858,412,2547,7984,230,426,12754,4661,2580,115184,13005,426,76336,48980,1908,69379,106444,30019,23328,7089,28333,12092,70791,8201,4958,81,1111,13479,15564,16827,2950,1796,313,13415,1264,28348,5965,2096,
45,5,2013,est72013sex2_age45to49,55697,42,992,6200,1409,626,41463,765,6575,27932,846,3579,5370,538,25249,3851,2072,785,348542,4870,10462,554,2482,7659,279,429,12179,4725,3018,114769,13114,530,74096,48406,2062,68252,104469,26160,22463,7611,27593,12377,66634,8667,5675,89,1237,14447,16597,16794,3003,1975,380,13081,1420,29569,6018,2042,
50,5,2013,est72013sex2_age50to54,57528,41,1420,7264,1905,667,42963,952,8222,28959,955,4576,5372,732,26561,3895,2526,896,346756,4927,10786,775,3105,7744,352,575,13005,4936,4076,114096,14022,805,74492,52267,2075,70155,108942,25206,23259,9503,28556,13807,65759,9513,6884,131,1683,16184,19237,17579,3220,2453,585,12950,2020,31662,6279,2369,
55,5,2013,est72013sex2_age55to59,52933,48,1571,7705,2192,655,39209,1080,8256,26562,937,5104,5241,815,23508,3420,2874,977,318272,4486,10878,852,3517,6883,385,498,12569,5049,4756,101195,13199,985,66780,48927,1864,63376,101889,25451,20950,10596,26564,13062,57779,10178,7085,160,2036,15555,19459,15948,2961,2268,718,11944,2420,28768,6066,2280,
60,5,2013,est72013sex2_age60to64,45804,56,1738,7598,2152,570,33922,882,7136,22676,780,5063,4155,697,18860,2797,2732,820,262810,4112,10587,798,3777,5646,406,474,10720,4617,4787,83103,11922,941,56256,41588,1552,49968,84923,24408,17795,9728,23196,11639,47429,9061,6632,174,2016,13212,18621,13348,2451,2126,645,9986,2367,23885,5059,1829,
65,5,2013,est72013sex2_age65to69,35086,46,1558,6141,1880,433,27497,680,5691,17688,587,3566,3305,546,15017,2213,2230,688,204203,3291,9029,686,3013,4615,359,292,8527,3816,3928,67984,10812,842,49029,31974,1122,37962,67667,18804,14245,7770,18567,9249,37873,6643,5630,131,1690,10467,14787,10817,2171,1894,525,7976,2080,18924,3987,1480,
70,5,2013,est72013sex2_age70to74,23669,17,1074,4391,1403,346,19147,562,3965,12838,517,2351,2582,425,11036,1721,1579,452,150601,2422,6215,538,1850,3353,268,207,5798,2734,2731,50028,8058,567,38203,22800,777,26947,48113,13612,10259,5611,13476,7015,28512,4140,4235,95,1111,6957,9595,7838,1684,1462,367,5853,1522,13724,2773,1026,
75,5,2013,est72013sex2_age75to79,17708,23,745,3390,1015,226,13646,387,2572,9686,377,1665,2058,338,7849,1303,1110,278,116189,1721,4028,356,1227,2614,166,134,4426,2055,1732,37903,5920,379,28767,17464,495,19845,37127,11689,7499,4224,9978,5658,21615,2722,3046,66,801,5147,6613,6096,1351,1090,243,4464,1112,10343,2091,768,
80,5,2013,est72013sex2_age80to84,13900,11,538,2640,611,189,10846,315,1921,7931,310,1401,1561,284,5770,970,786,244,91551,1225,3301,265,977,1960,134,73,3841,1594,1359,30047,4540,249,21566,13715,464,14648,30296,9886,5865,3340,8181,4789,16655,2363,2367,48,621,3969,5451,4562,1006,704,187,3332,820,8112,1641,500,
85,5,2013,est72013sex2_age85plus,18121,8,650,3769,621,243,13890,275,2249,9359,340,1738,1538,368,5911,991,905,284,110023,1270,4690,282,1393,2185,139,66,4816,2295,1896,35869,5207,292,22362,16599,542,15312,37224,12721,7174,4254,10930,6242,20174,3257,2628,34,731,4427,7872,5225,1076,776,170,3719,956,10005,2082,509,
0,5,2014,est72014sex2_age0to4,47826,18,656,5964,843,788,32089,818,4098,38938,939,3631,7283,536,35637,5787,1835,724,311799,5772,6241,356,2605,10499,229,392,16287,3654,2039,92337,9876,367,77014,48521,1932,75479,104022,18959,25542,6715,22583,13930,58942,7350,5178,56,1184,13017,13071,19088,3099,1905,293,19476,1165,26129,6001,3012,
5,5,2014,est72014sex2_age5to9,48096,42,776,6155,1061,835,35828,821,5162,38507,1054,3597,6916,519,36349,5921,1713,698,306504,6094,7772,396,2586,10985,239,430,16187,4163,2393,96836,11644,437,83789,49937,2203,78139,98454,15209,27488,6929,22744,13794,61669,7418,5191,73,1184,13345,14194,20144,3515,2116,296,20282,1183,28059,6283,2880,
10,5,2014,est72014sex2_age10to14,46029,31,825,6286,1108,762,37527,758,5680,36720,993,3513,6816,465,34017,5349,1764,694,307722,5710,8002,372,2586,10965,240,380,14690,4459,2539,100499,12352,460,86058,48731,2172,77880,95048,13676,27368,6888,21875,12834,59212,7290,5298,63,1212,13509,14240,19676,3494,2015,283,19380,1192,28539,6204,2545,
15,5,2014,est72014sex2_age15to19,46784,35,815,7770,1195,729,35233,706,5571,35487,1017,4442,6635,528,32024,5061,1657,795,334354,5443,6882,442,2495,10974,249,361,14646,4487,2503,103979,11695,444,87470,46463,2163,79299,101154,15643,26369,10605,19783,18165,55030,11311,5172,63,1179,13170,15360,19100,3197,1989,350,18010,1298,28835,9812,2415,
20,5,2014,est72014sex2_age20to24,54165,18,797,12876,943,689,33870,648,4771,38358,853,6787,6579,441,32826,5378,1670,619,383078,5820,5360,414,2285,10455,188,451,15581,4353,2317,111859,9996,432,84355,52027,1953,83753,120977,26377,25567,13611,20644,24492,57472,13881,5425,48,1005,14678,15441,19139,3190,1842,279,17167,1265,29826,15726,2608,
25,5,2014,est72014sex2_age25to29,64037,19,685,6506,934,637,33145,698,4162,36155,867,4111,5663,438,30939,5165,1660,619,396726,5704,4847,418,2337,9188,207,499,14906,4039,2184,108910,9395,399,77002,57352,1757,77623,131253,48618,23572,7134,24281,13354,66759,7640,5560,39,1017,15073,15509,18778,3191,1796,247,15738,1254,26498,7017,2966,
30,5,2014,est72014sex2_age30to34,66263,20,800,6465,926,677,36448,726,4544,33489,845,4594,5513,522,28987,4900,1640,665,371882,5688,6189,399,2562,8611,213,554,14867,4322,2537,105893,10974,421,77336,54810,1882,72978,120907,45006,23896,7888,28010,13618,71777,8107,5449,69,1112,14370,16274,18042,3175,1724,303,15740,1286,26359,6963,2663,
35,5,2014,est72014sex2_age35to39,60212,28,695,5704,908,626,36771,626,4683,29539,810,3993,5004,471,26252,4214,1537,583,346244,5263,7460,361,2493,8124,231,385,13111,4234,2473,101544,11368,427,73900,48440,1852,67826,106287,33484,22863,6801,27360,11974,68507,7910,4627,62,959,12971,14714,16598,2809,1637,312,14297,1154,26016,6183,2245,
40,5,2014,est72014sex2_age40to44,59742,29,824,5698,1103,596,39547,647,5512,28217,796,3612,5176,469,25414,3829,1747,705,356083,5196,9532,396,2481,7945,222,410,12701,4577,2475,113346,12639,404,75754,48767,1846,68919,105669,29819,23126,6871,27797,11993,70404,7975,4925,78,1062,13340,15258,16575,2872,1747,307,13345,1194,27641,5925,2022,
45,5,2014,est72014sex2_age45to49,55433,39,953,6000,1335,614,41163,702,6370,27644,766,3419,5294,511,24806,3720,2003,720,346787,4921,10467,504,2424,7617,263,408,12106,4699,2842,114433,13023,485,74064,47888,2036,67310,103659,26508,22522,7312,27530,12145,66890,8540,5340,87,1188,14006,16210,16593,2936,1890,339,12961,1414,28976,5996,2035,
50,5,2014,est72014sex2_age50to54,58179,40,1370,7175,1855,663,43342,931,7998,29013,980,4379,5367,698,26443,3920,2426,882,348838,5042,10746,735,3032,7796,342,564,12863,4975,3938,115461,14166,748,75686,52425,2118,70239,109226,25425,23319,9278,28708,13778,66384,9463,6785,129,1594,16229,19221,17712,3201,2470,543,12979,1907,31566,6286,2293,
55,5,2014,est72014sex2_age55to59,53887,48,1518,7703,2153,642,39816,1058,8368,26914,923,4968,5238,798,24010,3454,2857,906,323045,4549,10748,864,3374,6957,384,488,12734,4914,4725,103615,13359,965,68532,49741,1850,64464,103316,25286,21302,10499,26956,13256,58838,10040,6999,152,1980,15850,19502,16227,3033,2266,683,12073,2341,29411,6089,2256,
60,5,2014,est72014sex2_age60to64,46775,52,1752,7719,2243,596,34675,916,7356,23262,790,5075,4303,713,19590,2813,2734,862,269808,4192,10647,831,3766,5775,398,471,11062,4786,4898,85880,12310,954,58333,42754,1604,52207,87869,24524,18278,10013,23362,11824,48860,9416,6771,163,2057,13723,19027,13729,2526,2140,664,10313,2428,24584,5262,1915,
65,5,2014,est72014sex2_age65to69,37288,49,1653,6478,1953,456,28997,711,6056,18520,626,3947,3428,573,15513,2331,2356,727,214126,3461,9441,685,3213,4771,366,321,8981,3912,4200,71024,11327,831,51197,34374,1165,40033,71834,20072,15017,8329,19501,9734,39536,7134,5815,144,1733,11209,16000,11333,2241,1928,543,8279,2132,19991,4206,1572,
70,5,2014,est72014sex2_age70to74,24898,23,1125,4620,1477,357,20375,575,4199,13508,511,2469,2690,450,11481,1721,1676,456,156441,2538,6578,566,2010,3542,277,216,6150,2905,2871,52792,8540,597,40081,23890,852,28330,50312,13895,10878,6017,14021,7360,29603,4458,4423,98,1201,7392,10360,8190,1762,1527,384,6027,1606,14449,2924,1082,
75,5,2014,est72014sex2_age75to79,18266,20,798,3449,1011,238,14179,412,2750,9933,396,1694,2107,352,8089,1361,1148,319,119167,1757,4299,378,1261,2640,173,150,4436,2114,1852,38965,6194,405,29923,17972,510,20307,38200,11784,7684,4293,10397,5741,22507,2868,3162,64,802,5356,6940,6192,1355,1115,230,4625,1144,10651,2191,775,
80,5,2014,est72014sex2_age80to84,14108,8,520,2641,631,178,10895,291,1972,7849,303,1348,1598,275,5777,1002,775,228,91921,1238,3275,264,942,1979,140,78,3813,1577,1333,30426,4632,251,21732,13646,480,14857,30375,9822,5854,3310,8230,4762,16832,2327,2313,57,595,4056,5354,4605,1030,716,207,3345,821,8168,1629,498,
85,5,2014,est72014sex2_age85plus,18538,10,664,3766,642,255,14123,286,2345,9554,327,1718,1626,370,5999,1027,903,294,113217,1292,4817,293,1400,2218,140,63,4953,2296,1925,36625,5407,295,23128,16933,560,15774,38063,13084,7236,4362,11097,6360,20723,3331,2639,36,726,4589,7870,5313,1102,772,162,3752,947,10178,2135,527,
0,5,2015,est72015sex2_age0to4,47974,22,666,5951,874,779,32273,764,4204,39006,927,3618,7528,534,35324,5845,1848,738,310825,5809,6188,351,2551,10424,209,358,16248,3577,2031,92526,9730,363,77141,48916,1917,75822,104591,19403,25456,6586,22428,14058,58848,7265,5127,54,1172,13168,12958,19170,3163,1939,269,19203,1178,25860,6076,3011,
5,5,2015,est72015sex2_age5to9,48467,32,759,6186,1046,812,35872,808,5026,38796,1046,3596,6817,520,36714,5962,1788,670,304246,6020,7553,407,2601,10965,238,410,16161,4131,2332,95690,11728,394,83819,49746,2164,78017,98048,15243,27688,6937,22637,13822,61038,7351,5152,77,1190,13336,14053,20308,3440,2107,303,20224,1152,27739,6365,2891,
10,5,2015,est72015sex2_age10to14,46202,28,821,6233,1087,745,37665,752,5635,36912,1033,3512,6824,445,34235,5319,1760,695,303538,5771,8069,379,2553,11052,232,380,14781,4392,2487,99792,12433,480,85543,49287,2204,77526,94881,14013,27655,7016,22141,13008,59637,7411,5254,63,1168,13425,14324,19834,3463,2026,283,19491,1207,28316,6172,2627,
15,5,2015,est72015sex2_age15to19,46696,32,834,7786,1158,741,35366,701,5499,35611,985,4429,6595,505,31814,5024,1651,780,328784,5320,7034,407,2450,11071,241,358,14809,4458,2461,103544,11662,423,87224,46174,2124,78133,100874,15424,26441,10529,19767,18182,55223,11366,5065,58,1194,13067,15124,19047,3191,1956,327,17984,1242,28484,10145,2328,
20,5,2015,est72015sex2_age20to24,52617,20,749,12606,935,717,33930,652,4820,37420,870,6692,6421,437,32635,5345,1568,646,375177,5744,5517,408,2256,10167,201,438,15421,4469,2222,109413,10072,396,83957,50685,1928,82569,117781,25751,25235,13717,20786,24807,58069,14233,5235,55,988,14257,14983,18735,3123,1844,262,16993,1276,29552,15862,2570,
25,5,2015,est72015sex2_age25to29,67111,23,762,6869,965,599,33872,683,4295,37461,846,4287,5831,422,31711,5155,1725,673,407202,5735,4801,424,2256,9551,196,492,14826,4052,2188,112446,9329,415,79722,59147,1827,79978,134657,49769,24443,7108,24749,13662,68677,7813,5623,38,1005,15496,15769,19297,3313,1854,242,15950,1287,27148,7421,2939,
30,5,2015,est72015sex2_age30to34,67876,20,802,6537,978,714,36947,714,4586,33652,831,4483,5488,534,29432,4856,1667,660,374026,5559,5986,424,2595,8667,221,532,14815,4260,2538,106128,11026,430,78034,56067,1899,73355,122202,46703,24138,8012,28477,13412,73131,8051,5494,63,1133,14792,16143,18290,3165,1740,312,15887,1286,26314,6894,2685,
35,5,2015,est72015sex2_age35to39,62242,22,716,5881,971,630,37836,662,4844,30503,838,4174,5022,454,26612,4333,1602,606,348007,5335,7460,399,2503,8273,242,402,13450,4356,2647,101834,11682,444,75248,49826,1869,68861,108642,34341,23577,7119,27977,12257,68798,7988,4755,64,1012,13517,15394,16998,2885,1682,328,14432,1208,26195,6452,2347,
40,5,2015,est72015sex2_age40to44,59426,28,795,5586,1007,591,38892,622,5315,28189,782,3618,5106,463,25298,3854,1632,674,349383,5104,8962,397,2436,7957,211,389,12449,4361,2392,110476,12251,376,75293,48214,1798,68047,104216,29441,23034,6730,27142,11764,69625,7839,4659,77,1018,13081,14826,16337,2836,1703,316,13384,1164,27059,5806,2045,
45,5,2015,est72015sex2_age45to49,56506,37,928,5944,1334,616,41483,693,6341,27583,752,3347,5209,492,24789,3644,1910,688,349398,4897,10627,466,2466,7515,253,394,12297,4805,2759,115571,13249,493,74933,48302,2030,67350,104390,27170,22664,7336,27791,12103,67636,8541,5261,87,1209,13810,16114,16607,2927,1822,318,12879,1351,28762,6093,2006,
50,5,2015,est72015sex2_age50to54,57578,46,1299,7058,1699,638,43315,890,7764,28636,925,4158,5312,655,25883,3884,2371,838,347151,4881,10549,679,2890,7771,354,528,12571,4868,3744,115493,13938,687,75961,51959,2087,69617,108273,25492,23189,8896,28579,13285,65936,9332,6516,119,1480,15837,18860,17514,3147,2363,521,12954,1826,31040,6221,2184,
55,5,2015,est72015sex2_age55to59,54766,46,1548,7641,2226,666,40525,1047,8443,27226,931,4942,5166,771,24526,3524,2845,907,327688,4639,10751,867,3287,7170,359,518,12893,4953,4583,106286,13581,925,70427,50715,1902,65733,104614,25121,21797,10479,27085,13401,60255,9912,6990,150,1972,16065,19469,16492,3052,2362,626,12261,2274,29950,6171,2295,
60,5,2015,est72015sex2_age60to64,47753,46,1724,7812,2294,604,35512,962,7489,24061,823,5108,4490,753,20360,2850,2815,908,277737,4216,10620,833,3688,5947,380,487,11293,4823,5009,88725,12564,983,60568,44502,1618,54338,90874,24388,18852,10311,23804,12102,50113,9606,6874,144,2036,14269,19209,13991,2640,2161,695,10440,2474,25359,5437,2009,
65,5,2015,est72015sex2_age65to69,39460,52,1759,6781,2072,474,30477,795,6457,19466,645,4270,3582,616,16065,2431,2449,739,224408,3623,9778,719,3491,4908,380,351,9423,4086,4508,74289,11842,857,53599,36480,1265,42298,75672,21447,15835,8928,20285,10165,41256,7638,6033,156,1764,11899,17055,11969,2267,1956,562,8686,2186,21035,4415,1653,
70,5,2015,est72015sex2_age70to74,26318,27,1200,4809,1505,370,21514,555,4426,14008,513,2636,2769,456,11770,1737,1760,493,162508,2591,6975,574,2134,3652,278,225,6514,3061,3012,55192,9085,621,41874,25052,903,29771,52891,14294,11297,6339,14494,7631,30693,4828,4564,101,1293,7908,11240,8552,1851,1548,377,6299,1659,15211,3141,1141,
75,5,2015,est72015sex2_age75to79,18824,19,838,3517,1048,250,14764,430,2897,10219,400,1775,2139,348,8319,1413,1170,330,122079,1820,4588,391,1307,2685,190,160,4544,2155,1940,40209,6470,417,31066,18377,557,20896,39125,11941,7911,4384,10906,5874,23208,3021,3225,69,810,5513,7294,6282,1376,1107,235,4679,1208,11006,2229,795,
80,5,2015,est72015sex2_age80to84,14228,7,521,2685,649,177,10941,299,1996,7831,293,1295,1623,302,5810,1031,813,223,92596,1241,3205,269,960,2019,151,78,3794,1591,1344,30832,4788,264,22115,13810,445,15059,30467,9745,5917,3322,8165,4692,17167,2311,2260,57,596,4101,5352,4710,1063,752,206,3395,832,8312,1650,502,
85,5,2015,est72015sex2_age85plus,18923,12,658,3755,665,263,14444,304,2429,9763,328,1727,1739,360,6073,1058,882,304,116632,1309,4880,287,1405,2268,131,72,5062,2321,1906,37703,5563,292,23780,17069,593,16283,38787,13412,7346,4364,11247,6499,21240,3345,2700,43,712,4792,7973,5397,1142,803,171,3825,914,10348,2192,542,
0,5,2016,est72016sex2_age0to4,47560,13,739,5984,904,772,32269,779,4195,38593,948,3585,7560,516,34910,5720,1829,742,305726,5776,6134,383,2594,10392,220,335,15820,3527,2076,92420,9904,414,77413,48933,1947,75540,103653,19516,25377,6571,21719,13842,58136,7085,5094,53,1119,13125,12729,19368,3221,2018,253,18812,1211,25268,6131,2955,
5,5,2016,est72016sex2_age5to9,48136,34,774,6132,1010,822,35647,818,4954,39290,995,3637,6955,496,36698,5894,1784,718,303204,6008,7271,367,2498,10951,242,398,16296,4012,2283,94568,11728,417,83767,49953,2121,78291,98594,15496,27986,6864,22299,13940,59902,7354,5221,69,1225,13517,13851,20577,3466,2088,280,20296,1173,27283,6332,2885,
10,5,2016,est72016sex2_age10to14,46173,26,814,6267,1098,773,37833,755,5704,37410,1016,3548,6884,462,34802,5326,1764,672,300355,5822,8145,409,2608,11091,232,406,15090,4317,2487,98971,12541,464,85742,49800,2204,77827,95124,14261,27895,7011,22248,13143,59769,7481,5236,62,1173,13421,14245,20116,3472,2053,288,19488,1219,28225,6377,2691,
15,5,2016,est72016sex2_age15to19,46530,32,810,7722,1106,738,35478,719,5385,35382,977,4527,6573,464,31732,5012,1668,736,322080,5336,7170,359,2419,11142,221,353,15013,4462,2389,102908,11684,444,87370,46135,2152,77238,100171,15558,26592,10481,19794,18278,55513,11346,5059,53,1192,13073,15012,19026,3195,1937,295,18068,1212,28150,10793,2304,
20,5,2016,est72016sex2_age20to24,51290,23,723,12364,966,717,33333,625,4776,36027,890,6591,6268,409,31639,5156,1433,655,365160,5604,5590,388,2190,9929,190,446,15147,4372,2089,106792,9881,381,83048,49158,1998,80839,115495,25045,24988,13764,20720,24613,57719,14168,4968,55,951,13830,14818,18189,2947,1708,267,16634,1244,28952,15975,2574,
25,5,2016,est72016sex2_age25to29,68979,23,805,7330,978,618,35218,685,4351,38635,859,4497,5970,424,32807,5199,1764,713,417492,5734,4731,431,2343,9856,217,462,14906,4167,2233,115722,9754,457,83012,60769,1802,82791,137061,50896,25244,7309,25572,14449,70423,8144,5764,43,1052,15960,15947,20188,3395,1917,252,16300,1316,27755,7842,2953,
30,5,2016,est72016sex2_age30to34,69039,22,827,6631,1027,715,37210,755,4652,34229,814,4340,5488,530,29699,4936,1686,674,376154,5485,5829,425,2518,8671,227,531,14782,4239,2578,106368,11095,426,78396,57220,1957,74060,123468,48179,24430,7838,28565,13193,73523,7820,5527,53,1128,15333,16050,18564,3156,1769,300,15743,1323,26358,6702,2770,
35,5,2016,est72016sex2_age35to39,63960,17,792,6099,1030,668,38877,681,5021,31259,846,4449,5148,474,27064,4321,1628,632,350998,5384,7505,405,2550,8370,233,430,13696,4423,2661,102594,12192,488,77321,51569,1926,70051,111755,34919,24256,7440,28227,12440,69168,8149,5034,67,1060,13867,15903,17537,2945,1755,322,14858,1251,26349,6749,2421,
40,5,2016,est72016sex2_age40to44,58822,18,764,5554,951,595,38784,640,5099,28007,760,3645,5000,441,25136,3761,1556,635,342016,5004,8536,390,2454,7924,214,406,12349,4336,2365,107161,12070,390,74717,47754,1772,67258,102839,28983,22786,6646,26519,11569,68264,7746,4429,76,980,12694,14492,16206,2848,1652,319,13368,1120,26404,5868,2058,
45,5,2016,est72016sex2_age45to49,57208,41,939,5985,1370,643,41697,687,6349,27862,753,3421,5189,484,24850,3637,1898,697,351965,4914,10531,432,2510,7653,242,405,12407,4748,2778,116942,13632,451,76277,49040,2022,68210,105792,27735,23057,7378,27770,12131,68229,8539,5254,77,1218,13955,16185,16781,2852,1815,314,12972,1364,28893,6061,2078,
50,5,2016,est72016sex2_age50to54,56523,37,1242,6761,1614,611,42673,838,7440,28034,890,3918,5190,595,25285,3798,2290,829,343572,4749,10491,596,2773,7600,322,502,12383,4777,3476,114537,13745,639,75561,50687,2105,68376,106186,25408,22945,8488,27913,12873,65133,8983,6178,116,1347,15484,18145,17109,3045,2269,474,12743,1728,30109,6069,2115,
55,5,2016,est72016sex2_age55to59,55127,51,1551,7562,2179,681,40866,1040,8536,27752,904,4826,5115,759,24963,3580,2715,881,329795,4697,10712,861,3221,7307,358,532,13061,5005,4624,108431,13814,902,72478,51702,1932,66685,105461,24761,22223,10252,27063,13467,60941,9749,6951,149,1941,16189,19452,16764,3084,2383,599,12388,2208,30453,6173,2273,
60,5,2016,est72016sex2_age60to64,48500,42,1692,7859,2378,591,36322,1012,7717,24413,849,5074,4629,780,20786,2896,2834,922,285009,4226,10556,827,3675,6113,362,504,11434,4877,4983,91716,12885,997,62766,45571,1649,56302,93764,24445,19413,10579,24153,12325,51218,9656,6905,144,2051,14799,19429,14462,2722,2176,696,10692,2525,26044,5568,2098,
65,5,2016,est72016sex2_age65to69,41261,56,1843,7247,2134,509,31643,860,6838,20484,699,4580,3741,626,16896,2503,2512,753,234137,3790,9924,767,3673,5054,388,390,9955,4278,4794,77276,12403,897,56007,38544,1347,44591,79262,22392,16608,9482,20939,10699,42788,8177,6331,160,1900,12409,17949,12349,2297,2084,596,9067,2260,22061,4678,1775,
70,5,2016,est72016sex2_age70to74,27583,29,1259,4982,1550,371,22589,585,4700,14467,512,2756,2816,463,12149,1812,1787,518,167658,2633,7375,589,2263,3819,283,245,6826,3133,3189,57225,9526,620,43416,26091,965,30857,55325,14715,11668,6560,14980,7765,31513,5192,4632,108,1343,8507,11978,8878,1917,1516,360,6547,1693,15779,3264,1153,
75,5,2016,est72016sex2_age75to79,19385,12,838,3634,1078,261,15499,438,3094,10593,398,1846,2210,361,8600,1414,1201,344,124708,1923,4817,389,1324,2778,197,160,4719,2265,2087,41752,6830,434,32210,18969,616,21550,40099,12036,8350,4551,11196,5987,23960,3179,3323,70,826,5764,7713,6355,1376,1163,267,4742,1252,11448,2237,824,
80,5,2016,est72016sex2_age80to84,14480,11,554,2684,656,183,11028,274,1972,7802,291,1283,1653,287,5873,1044,831,227,93759,1254,3212,267,974,2049,138,77,3722,1644,1320,31238,4851,283,22773,14092,418,15327,30563,9703,5972,3365,8173,4752,17459,2338,2266,59,605,4164,5403,4837,1067,771,190,3439,830,8518,1720,539,
85,5,2016,est72016sex2_age85plus,19199,13,646,3724,688,261,14664,335,2552,10032,335,1767,1775,379,6136,1113,871,315,119065,1315,4960,284,1433,2294,133,86,5159,2282,1900,38514,5756,283,24368,17161,618,16571,39334,13704,7417,4364,11392,6513,21834,3324,2726,49,717,4910,7934,5400,1190,817,166,3842,911,10515,2213,551,
0,5,2017,est72017sex2_age0to4,47284,13,770,6084,928,789,32326,755,4249,38219,958,3582,7423,491,34606,5607,1881,725,300224,5837,5999,365,2595,10374,214,326,15458,3442,2131,91800,10140,423,77648,48889,1988,75871,102619,19511,25686,6465,21347,13613,57199,6932,5161,68,1114,13128,12493,19389,3204,2070,245,18259,1220,24906,6169,2985,
5,5,2017,est72017sex2_age5to9,47391,27,738,6182,971,810,35108,830,4961,39515,998,3532,7042,489,36620,5889,1836,745,299267,6025,6975,381,2508,10979,248,383,16150,3891,2228,93153,11748,394,82983,49575,2117,77808,98249,15511,27939,6794,21742,13830,58321,7330,5256,62,1262,13522,13575,20570,3368,2037,289,20279,1213,26906,6312,3023,
10,5,2017,est72017sex2_age10to14,46479,32,824,6348,1109,813,37826,810,5768,38092,1021,3568,6960,492,35592,5444,1780,688,299159,5927,8122,384,2564,11223,236,380,15426,4231,2495,98389,12685,485,87368,50659,2284,78851,96356,14560,28578,7035,22093,13351,59709,7494,5285,69,1206,13381,14199,20706,3531,2134,291,19949,1222,28077,6462,2750,
15,5,2017,est72017sex2_age15to19,46222,34,806,7679,1087,741,35671,725,5318,35129,951,4506,6462,434,31716,4977,1653,661,314849,5339,7274,361,2413,11457,206,365,15172,4383,2368,101705,11721,445,87134,46061,2113,76262,99042,15669,26643,10304,19838,18361,55518,11370,4990,52,1176,13080,14845,18988,3192,1939,285,18118,1188,27982,11154,2367,
20,5,2017,est72017sex2_age20to24,50400,22,707,12425,958,709,33185,600,4668,35248,868,6515,6054,404,30955,5192,1405,629,356049,5600,5640,379,2189,9808,191,462,14808,4265,2049,105290,9994,350,82574,48005,2010,79718,112986,24782,24654,13707,20449,24469,56967,14098,4849,63,959,13579,14446,18157,2938,1718,253,16481,1190,28441,16294,2492,
25,5,2017,est72017sex2_age25to29,68872,28,827,7725,1038,659,35746,729,4577,39399,891,4709,6120,440,33504,5339,1797,725,421762,5949,4710,456,2433,9967,223,439,14952,4195,2272,117844,9982,461,85281,61950,1897,84806,137123,50859,26153,7444,26301,15025,71639,8288,5847,39,1083,16152,15772,20416,3466,1907,237,16548,1381,28403,8021,3060,
30,5,2017,est72017sex2_age30to34,69414,23,823,6584,1101,701,37086,743,4687,34555,793,4138,5510,514,29965,4979,1736,693,377469,5578,5670,419,2453,8808,235,530,14603,4220,2504,105500,11016,457,79061,58129,1982,74795,124764,48952,24739,7743,28781,12665,72858,7610,5614,61,1133,15459,15877,18657,3150,1809,288,15611,1335,26404,6643,2882,
35,5,2017,est72017sex2_age35to39,65551,18,833,6370,1068,659,39455,743,5305,32227,863,4568,5266,490,27681,4422,1656,650,352904,5519,7226,417,2665,8506,223,454,13830,4391,2788,103799,12669,461,79332,53338,1983,71514,114093,35799,24931,7668,28238,12626,69294,8181,5208,60,1127,14385,16200,17938,3032,1767,337,15177,1298,26499,6880,2604,
40,5,2017,est72017sex2_age40to44,58736,25,782,5628,974,620,39026,634,5136,28382,782,3790,4907,433,25136,3789,1575,606,337776,5017,8328,372,2443,7901,229,393,12405,4268,2442,104752,12247,418,75336,47938,1822,67339,102983,28840,23009,6671,26231,11526,67094,7876,4455,83,980,12681,14589,16279,2810,1648,319,13510,1147,26195,5948,2057,
45,5,2017,est72017sex2_age45to49,57609,33,942,6025,1328,630,41579,678,6245,27988,739,3459,5119,500,24887,3541,1911,703,350949,4997,10335,445,2559,7826,227,428,12424,4714,2760,116562,13576,421,77286,49518,1972,68427,105664,27809,23231,7283,27543,11982,68356,8398,5180,81,1177,13923,16077,16851,2865,1799,315,13104,1336,28645,6115,2077,
50,5,2017,est72017sex2_age50to54,55068,37,1182,6517,1569,606,41881,793,7090,27602,870,3743,5096,534,24763,3681,2161,798,339249,4665,10412,528,2616,7396,297,454,12142,4715,3288,113615,13473,614,75251,49780,2083,67105,104302,25241,22566,8132,27181,12406,64175,8704,5946,101,1324,15023,17369,16761,2973,2137,438,12577,1622,29386,5958,2097,
55,5,2017,est72017sex2_age55to59,55058,51,1549,7513,2125,653,40979,1010,8519,27940,895,4641,5093,782,25109,3597,2644,851,329826,4692,10547,830,3161,7404,370,536,12970,4901,4453,109322,14000,860,73586,51581,1989,67311,105513,24645,22720,9943,26977,13491,61012,9527,6908,148,1789,16130,19319,16869,3143,2480,566,12430,2137,30491,6175,2329,
60,5,2017,est72017sex2_age60to64,49055,42,1678,7940,2394,601,37035,1054,8142,24837,873,5042,4752,759,21420,3014,2847,926,291870,4361,10324,836,3597,6409,378,511,11779,4853,5016,94571,13309,1015,65403,46831,1680,58428,96200,24396,19913,10829,24428,12488,52368,9721,6926,136,2107,15308,19493,14818,2806,2202,691,11091,2534,26670,5658,2126,
65,5,2017,est72017sex2_age65to69,41474,53,1809,7335,2098,502,31528,855,6799,20819,704,4602,3779,623,16975,2520,2432,734,236429,3757,9819,773,3613,5112,361,410,10021,4261,4804,77310,12344,897,56219,38956,1409,45394,79600,22598,16660,9553,20887,10825,42709,8277,6302,163,1906,12501,18024,12478,2263,2030,584,8965,2241,22122,4754,1790,
70,5,2017,est72017sex2_age70to74,29955,35,1448,5508,1686,394,24541,618,5235,15604,535,3084,3008,489,13085,1934,1972,589,178486,2858,8037,602,2595,4043,298,247,7432,3429,3545,61640,10451,685,46901,28680,1003,33148,60480,15946,12717,7223,16007,8442,33549,5839,4995,120,1462,9445,13352,9594,1956,1621,398,7006,1902,17105,3561,1307,
75,5,2017,est72017sex2_age75to79,20188,15,893,3675,1105,281,16331,459,3287,10992,411,1945,2283,366,8990,1498,1234,364,128270,1983,5104,424,1463,2851,202,164,4851,2313,2215,43690,7209,452,33515,19699,667,22438,41441,12041,8766,4766,11598,6137,24729,3446,3417,72,875,6109,8160,6574,1457,1227,282,4920,1271,11926,2354,841,
80,5,2017,est72017sex2_age80to84,14629,12,571,2746,708,177,11287,277,2053,7880,306,1300,1666,270,5902,1043,839,236,95287,1268,3377,258,959,2028,140,90,3695,1665,1340,31880,4985,271,23443,14358,425,15637,30876,9838,6058,3440,8221,4784,17918,2350,2356,62,620,4310,5533,4954,1111,777,183,3474,838,8739,1752,564,
85,5,2017,est72017sex2_age85plus,19482,13,619,3639,660,252,14762,349,2602,10092,326,1764,1833,379,6297,1141,858,321,120940,1367,4943,305,1409,2331,141,92,5239,2281,1923,39065,5884,289,25003,17328,620,16843,39742,13721,7448,4341,11482,6508,22354,3331,2687,51,699,4960,7886,5402,1178,826,167,3879,936,10726,2282,548,
0,5,2018,est72018sex2_age0to4,47210,17,791,6200,939,764,31843,748,4277,37784,952,3487,7314,510,34207,5557,1888,740,293875,5847,5876,347,2584,10339,231,331,15151,3444,2096,91324,10243,453,77786,48704,2045,75972,101583,19371,25923,6388,21110,13452,56210,6768,5149,72,1107,13081,12238,19420,3219,2036,248,17958,1205,24244,6147,2980,
5,5,2018,est72018sex2_age5to9,46714,18,717,6171,963,786,34667,806,4921,39545,995,3523,7038,509,36568,5939,1845,753,295326,5959,6760,394,2522,10998,245,372,15902,3765,2247,91783,11960,381,82724,49282,2100,77702,98164,15672,27830,6716,21323,13707,56958,7239,5174,60,1295,13440,13255,20512,3260,2036,280,20073,1261,26651,6356,3096,
10,5,2018,est72018sex2_age10to14,46423,34,863,6366,1131,822,37854,832,5798,38681,1053,3613,7027,497,36301,5629,1785,681,298121,6102,8048,401,2527,11287,231,385,15662,4118,2456,97822,12797,483,88219,50775,2394,79264,96620,14666,28933,7100,21975,13592,59345,7411,5335,70,1228,13394,14080,20989,3531,2190,290,20213,1256,27841,6479,2857,
15,5,2018,est72018sex2_age15to19,46292,31,786,7744,1050,743,35651,706,5300,35348,919,4463,6531,428,32067,4884,1661,644,309210,5386,7472,354,2400,11706,200,362,15341,4362,2326,100843,11764,441,86997,46306,2130,75573,99155,15931,26893,10443,20031,18463,56013,11407,4982,47,1119,12887,14840,19061,3196,1911,272,18215,1187,27651,11352,2386,
20,5,2018,est72018sex2_age20to24,49790,26,681,12347,963,681,32679,619,4620,34817,873,6416,5892,400,30455,5154,1387,601,348028,5581,5716,372,2203,9807,189,434,14648,4169,2016,103579,9900,347,82329,47510,2026,78770,111876,24538,24784,13660,20048,24244,56610,13862,4762,43,932,13430,13928,18045,2899,1667,237,16408,1145,27912,16326,2456,
25,5,2018,est72018sex2_age25to29,68262,20,876,8015,1020,702,35877,723,4524,39361,884,4765,6181,454,33780,5431,1761,730,420315,6086,4875,480,2365,10201,214,450,14883,4210,2244,117993,10185,445,86047,62096,1983,85823,135857,50089,26656,7536,26546,15190,72609,8467,5819,50,1077,16170,15622,20316,3492,1956,271,16885,1417,28756,8175,3048,
30,5,2018,est72018sex2_age30to34,70591,24,815,6505,1106,685,37145,707,4788,34971,841,4017,5461,514,30443,5035,1826,696,382249,5552,5521,409,2420,8939,237,527,14393,4154,2497,105859,11123,492,80509,59053,2045,76192,126617,49932,25111,7483,28585,12629,73003,7504,5643,66,1103,15650,15499,18943,3208,1813,283,15538,1332,26350,6640,2979,
35,5,2018,est72018sex2_age35to39,66848,14,893,6605,1104,678,40114,787,5519,33061,851,4587,5450,526,28525,4545,1701,685,354908,5652,7140,450,2663,8774,228,469,13932,4346,2839,105033,13288,472,81774,54931,2022,73033,116509,36740,25403,7947,28534,12772,69796,8111,5489,67,1200,14744,16372,18152,3071,1776,328,15367,1390,26821,7016,2700,
40,5,2018,est72018sex2_age40to44,58831,28,756,5743,984,614,39263,636,5305,28884,769,3951,4777,439,25272,3795,1582,610,333701,5192,8048,374,2482,7960,235,386,12555,4249,2566,103277,12627,420,76132,48491,1907,67457,103574,28615,23346,6739,26147,11566,65877,7878,4533,74,987,13052,14646,16529,2799,1678,327,13869,1197,26112,6029,2160,
45,5,2018,est72018sex2_age45to49,57847,27,934,6004,1300,622,41136,668,6085,27925,753,3502,5028,475,24994,3559,1900,697,346820,5008,10099,414,2581,7962,213,430,12336,4604,2704,114684,13603,425,77688,49634,1952,68510,104985,27656,23585,7133,27231,11795,67653,8213,5028,83,1148,13605,15724,16690,2852,1752,304,12930,1303,28202,6044,2098,
50,5,2018,est72018sex2_age50to54,53755,41,1141,6288,1504,620,41333,746,6774,27263,825,3524,5029,519,24302,3604,2082,730,334409,4637,10240,553,2536,7394,276,412,11982,4644,3078,112492,13295,571,74854,48644,2040,66420,102527,25061,22350,7735,26564,11994,63301,8505,5661,85,1257,14565,16556,16451,2936,2008,394,12577,1511,28660,5901,2010,
55,5,2018,est72018sex2_age55to59,55066,47,1487,7456,2040,621,41150,947,8425,28087,910,4526,5049,734,25269,3591,2499,814,330001,4650,10393,753,3052,7378,336,565,12804,4867,4323,110200,14121,845,74628,51548,2033,67634,105564,24704,22861,9715,26912,13433,61391,9300,6786,130,1722,15963,18908,16955,3105,2535,544,12443,2111,30254,6127,2332,
60,5,2018,est72018sex2_age60to64,49651,45,1694,7886,2357,600,37435,1094,8352,25278,869,4905,4807,776,21906,3058,2831,918,297124,4402,10291,838,3481,6568,391,507,12086,4760,4951,96763,13549,1018,67734,47572,1728,59786,97549,24279,20381,10821,24508,12525,53068,9542,7005,148,2067,15483,19123,15099,2876,2189,668,11224,2470,27122,5783,2188,
65,5,2018,est72018sex2_age65to69,41997,57,1817,7551,2129,517,31920,883,7101,21271,705,4762,3897,649,17424,2578,2489,758,240629,3824,9836,781,3629,5233,375,421,10190,4365,4888,78802,12528,898,57598,39933,1441,46838,81178,22798,17033,9925,20951,11126,43398,8521,6348,169,1936,12947,18253,12756,2285,2034,592,9214,2330,22546,4854,1814,
70,5,2018,est72018sex2_age70to74,31655,42,1530,5798,1735,387,25752,619,5462,16394,545,3285,3137,477,13568,2047,2005,639,185836,3013,8284,588,2775,4263,302,254,7873,3539,3811,64059,10986,730,48819,30524,1030,34757,63900,17135,13384,7638,16694,8803,34585,6281,5214,124,1547,10119,14263,10071,1978,1674,416,7286,1958,17853,3766,1407,
75,5,2018,est72018sex2_age75to79,21138,17,968,3866,1161,310,17413,481,3529,11601,429,2045,2363,394,9514,1532,1330,387,133470,2083,5596,464,1615,2915,210,176,5080,2448,2381,46211,7796,453,35721,20873,731,23792,43742,12105,9302,5095,12074,6476,25644,3780,3643,81,940,6599,8882,6950,1575,1270,298,5151,1329,12754,2540,860,
80,5,2018,est72018sex2_age80to84,14982,12,596,2774,758,182,11687,302,2203,8043,299,1330,1688,274,6003,1084,820,228,97039,1333,3522,274,963,2076,137,101,3709,1698,1432,32744,5211,283,24300,14516,473,15964,31268,9996,6183,3509,8446,4854,18480,2365,2437,61,623,4436,5800,5062,1089,825,185,3547,887,8914,1817,616,
85,5,2018,est72018sex2_age85plus,19656,13,613,3595,661,247,14813,336,2604,10070,340,1759,1923,368,6476,1148,850,336,122562,1357,4960,321,1405,2333,141,97,5280,2283,1921,39699,6026,287,25524,17611,614,17166,40247,13654,7566,4335,11558,6529,22761,3376,2665,46,705,5048,7829,5498,1214,823,156,3885,954,11005,2310,551,
